,Surname,Firstname,Political Party,Constituency
1,Abbott, Ms Diane  ,Labour,Hackney North and Stoke Newington
2,Abrahams, Debbie  ,Labour,Oldham East and Saddleworth
3,Adams, Nigel  ,Conservative,Selby and Ainsty
4,Afolami, Bim  ,Conservative,Hitchin and Harpenden
5,Afriyie, Adam  ,Conservative,Windsor
6,Aldous, Peter  ,Conservative,Waveney
7,Ali, Rushanara  ,Labour,Bethnal Green and Bow
8,Allan, Lucy  ,Conservative,Telford
9,Allen, Heidi  ,Conservative,South Cambridgeshire
10,Allin-Khan, Dr Rosena  ,Labour,Tooting
11,Amesbury, Mike  ,Labour,Weaver Vale
12,Amess, Sir David  ,Conservative,Southend West
13,Andrew, Stuart  ,Conservative,Pudsey
14,Antoniazzi, Tonia  ,Labour,Gower
15,Argar, Edward  ,Conservative,Charnwood
16,Ashworth, Jonathan  ,Labour,Leicester South
17,Atkins, Victoria  ,Conservative,Louth and Horncastle
18,Austin, Ian  ,Labour,Dudley North
20,Bacon, Mr Richard  ,Conservative,South Norfolk
21,Badenoch, Mrs Kemi  ,Conservative,Saffron Walden
22,Bailey, Mr Adrian  ,Labour,West Bromwich West
23,Baker, Mr Steve  ,Conservative,Wycombe
24,Baldwin, Harriett  ,Conservative,West Worcestershire
25,Barclay, Stephen  ,Conservative,North East Cambridgeshire
26,Bardell, Hannah  ,Scottish National Party,Livingston
27,Baron, Mr John  ,Conservative,Basildon and Billericay
28,Barron, Sir Kevin  ,Labour,Rother Valley
29,Bebb, Guto  ,Conservative,Aberconwy
30,Beckett, Margaret  ,Labour,Derby South
31,Begley, Órfhlaith  ,Sinn Féin,West Tyrone
32,Bellingham, Sir Henry  ,Conservative,North West Norfolk
33,Benn, Hilary  ,Labour,Leeds Central
34,Benyon, Richard  ,Conservative,Newbury
35,Bercow, John  ,Speaker,Buckingham
36,Beresford, Sir Paul  ,Conservative,Mole Valley
37,Berger, Luciana  ,Labour,"Liverpool, Wavertree"
38,Berry, Jake  ,Conservative,Rossendale and Darwen
39,Betts, Mr Clive  ,Labour,Sheffield South East
40,Black, Mhairi  ,Scottish National Party,Paisley and Renfrewshire South
41,Blackford, Ian  ,Scottish National Party,"Ross, Skye and Lochaber"
42,Blackman, Bob  ,Conservative,Harrow East
43,Blackman, Kirsty  ,Scottish National Party,Aberdeen North
44,Blackman-Woods, Dr Roberta  ,Labour,City of Durham
45,Blomfield, Paul  ,Labour,Sheffield Central
46,Blunt, Crispin  ,Conservative,Reigate
47,Boles, Nick  ,Conservative,Grantham and Stamford
48,Bone, Mr Peter  ,Conservative,Wellingborough
49,Bottomley, Sir Peter  ,Conservative,Worthing West
50,Bowie, Andrew  ,Conservative,West Aberdeenshire and Kincardine
51,Brabin, Tracy  ,Labour,Batley and Spen
52,Bradley, Ben  ,Conservative,Mansfield
53,Bradley, Karen  ,Conservative,Staffordshire Moorlands
54,Bradshaw, Mr Ben  ,Labour,Exeter
55,Brady, Sir Graham  ,Conservative,Altrincham and Sale West
56,Brady, Mickey  ,Sinn Féin,Newry and Armagh
57,Brake, Tom  ,Liberal Democrat,Carshalton and Wallington
58,Braverman, Suella  ,Conservative,Fareham
59,Brennan, Kevin  ,Labour,Cardiff West
60,Brereton, Jack  ,Conservative,Stoke-on-Trent South
61,Bridgen, Andrew  ,Conservative,North West Leicestershire
62,Brine, Steve  ,Conservative,Winchester
63,Brock, Deidre  ,Scottish National Party,Edinburgh North and Leith
64,Brokenshire, James  ,Conservative,Old Bexley and Sidcup
65,Brown, Alan  ,Scottish National Party,Kilmarnock and Loudoun
66,Brown, Lyn  ,Labour,West Ham
67,Brown, Mr Nicholas  ,Labour,Newcastle upon Tyne East
68,Bruce, Fiona  ,Conservative,Congleton
69,Bryant, Chris  ,Labour,Rhondda
70,Buck, Ms Karen  ,Labour,Westminster North
71,Buckland, Robert  ,Conservative,South Swindon
72,Burden, Richard  ,Labour,"Birmingham, Northfield"
73,Burghart, Alex  ,Conservative,Brentwood and Ongar
74,Burgon, Richard  ,Labour,Leeds East
75,Burns, Conor  ,Conservative,Bournemouth West
76,Burt, Alistair  ,Conservative,North East Bedfordshire
77,Butler, Dawn  ,Labour,Brent Central
78,Byrne, Liam  ,Labour,"Birmingham, Hodge Hill"
80,Cable, Sir Vince  ,Liberal Democrat,Twickenham
81,Cadbury, Ruth  ,Labour,Brentford and Isleworth
82,Cairns, Alun  ,Conservative,Vale of Glamorgan
83,Cameron, Dr Lisa  ,Scottish National Party,"East Kilbride, Strathaven and Lesmahagow"
84,Campbell, Sir Alan  ,Labour,Tynemouth
85,Campbell, Mr Gregory  ,Democratic Unionist Party,East Londonderry
86,Campbell, Mr Ronnie  ,Labour,Blyth Valley
87,Carden, Dan  ,Labour,"Liverpool, Walton"
88,Carmichael, Mr Alistair  ,Liberal Democrat,Orkney and Shetland
89,Cartlidge, James  ,Conservative,South Suffolk
90,Cash, Sir William  ,Conservative,Stone
91,Caulfield, Maria  ,Conservative,Lewes
92,Chalk, Alex  ,Conservative,Cheltenham
93,Champion, Sarah  ,Labour,Rotherham
94,Chapman, Douglas  ,Scottish National Party,Dunfermline and West Fife
95,Chapman, Jenny  ,Labour,Darlington
96,Charalambous, Bambos  ,Labour,"Enfield, Southgate"
97,Cherry, Joanna  ,Scottish National Party,Edinburgh South West
98,Chishti, Rehman  ,Conservative,Gillingham and Rainham
99,Chope, Sir Christopher  ,Conservative,Christchurch
100,Churchill, Jo  ,Conservative,Bury St Edmunds
101,Clark, Colin  ,Conservative,Gordon
102,Clark, Greg  ,Conservative,Tunbridge Wells
103,Clarke, Mr Kenneth  ,Conservative,Rushcliffe
104,Clarke, Mr Simon  ,Conservative,Middlesbrough South and East Cleveland
105,Cleverly, James  ,Conservative,Braintree
106,Clifton-Brown, Sir Geoffrey  ,Conservative,The Cotswolds
107,Clwyd, Ann  ,Labour,Cynon Valley
108,Coaker, Vernon  ,Labour,Gedling
109,Coffey, Ann  ,Labour,Stockport
110,Coffey, Dr Thérèse  ,Conservative,Suffolk Coastal
111,Collins, Damian  ,Conservative,Folkestone and Hythe
112,Cooper, Julie  ,Labour,Burnley
113,Cooper, Rosie  ,Labour,West Lancashire
114,Cooper, Yvette  ,Labour,"Normanton, Pontefract and Castleford"
115,Corbyn, Jeremy  ,Labour,Islington North
116,Costa, Alberto  ,Conservative,South Leicestershire
117,Courts, Robert  ,Conservative,Witney
118,Cowan, Ronnie  ,Scottish National Party,Inverclyde
119,Cox, Mr Geoffrey  ,Conservative,Torridge and West Devon
120,Coyle, Neil  ,Labour,Bermondsey and Old Southwark
121,Crabb, Stephen  ,Conservative,Preseli Pembrokeshire
122,Crausby, Sir David  ,Labour,Bolton North East
123,Crawley, Angela  ,Scottish National Party,Lanark and Hamilton East
124,Creagh, Mary  ,Labour,Wakefield
125,Creasy, Stella  ,Labour,Walthamstow
126,Crouch, Tracey  ,Conservative,Chatham and Aylesford
127,Cruddas, Jon  ,Labour,Dagenham and Rainham
128,Cryer, John  ,Labour,Leyton and Wanstead
129,Cummins, Judith  ,Labour,Bradford South
130,Cunningham, Alex  ,Labour,Stockton North
131,Cunningham, Mr Jim  ,Labour,Coventry South
133,Daby, Janet  ,Labour,Lewisham East
134,Dakin, Nic  ,Labour,Scunthorpe
135,Davey, Sir Edward  ,Liberal Democrat,Kingston and Surbiton
136,David, Wayne  ,Labour,Caerphilly
137,Davies, Chris  ,Conservative,Brecon and Radnorshire
138,Davies, David T. C.  ,Conservative,Monmouth
139,Davies, Geraint  ,Labour,Swansea West
140,Davies, Glyn  ,Conservative,Montgomeryshire
141,Davies, Mims  ,Conservative,Eastleigh
142,Davies, Philip  ,Conservative,Shipley
143,Davis, Mr David  ,Conservative,Haltemprice and Howden
144,Day, Martyn  ,Scottish National Party,Linlithgow and East Falkirk
145,De Cordova, Marsha  ,Labour,Battersea
146,De Piero, Gloria  ,Labour,Ashfield
147,Debbonaire, Thangam  ,Labour,Bristol West
148,Dent Coad, Emma  ,Labour,Kensington
149,Dhesi, Mr Tanmanjeet Singh  ,Labour,Slough
150,Dinenage, Caroline  ,Conservative,Gosport
151,Djanogly, Mr Jonathan  ,Conservative,Huntingdon
152,Docherty, Leo  ,Conservative,Aldershot
153,Docherty-Hughes, Martin  ,Scottish National Party,West Dunbartonshire
154,Dodds, Anneliese  ,Labour,Oxford East
155,Dodds, Nigel  ,Democratic Unionist Party,Belfast North
156,Donaldson, Sir Jeffrey M.  ,Democratic Unionist Party,Lagan Valley
157,Donelan, Michelle  ,Conservative,Chippenham
158,Dorries, Ms Nadine  ,Conservative,Mid Bedfordshire
159,Double, Steve  ,Conservative,St Austell and Newquay
160,Doughty, Stephen  ,Labour,Cardiff South and Penarth
161,Dowd, Peter  ,Labour,Bootle
162,Dowden, Oliver  ,Conservative,Hertsmere
163,Doyle-Price, Jackie  ,Conservative,Thurrock
164,Drax, Richard  ,Conservative,South Dorset
165,Drew, Dr David  ,Labour,Stroud
166,Dromey, Jack  ,Labour,"Birmingham, Erdington"
167,Duddridge, James  ,Conservative,Rochford and Southend East
168,Duffield, Rosie  ,Labour,Canterbury
169,Duguid, David  ,Conservative,Banff and Buchan
170,Duncan, Sir Alan  ,Conservative,Rutland and Melton
171,Duncan Smith, Mr Iain  ,Conservative,Chingford and Woodford Green
172,Dunne, Mr Philip  ,Conservative,Ludlow
174,Eagle, Ms Angela  ,Labour,Wallasey
175,Eagle, Maria  ,Labour,Garston and Halewood
176,Edwards, Jonathan  ,Plaid Cymru,Carmarthen East and Dinefwr
177,Efford, Clive  ,Labour,Eltham
178,Elliott, Julie  ,Labour,Sunderland Central
179,Ellis, Michael  ,Conservative,Northampton North
180,Ellman, Dame Louise  ,Labour,"Liverpool, Riverside"
181,Ellwood, Mr Tobias  ,Conservative,Bournemouth East
182,Elmore, Chris  ,Labour,Ogmore
183,Elphicke, Charlie  ,Conservative,Dover
184,Esterson, Bill  ,Labour,Sefton Central
185,Eustice, George  ,Conservative,Camborne and Redruth
186,Evans, Chris  ,Labour,Islwyn
187,Evans, Mr Nigel  ,Conservative,Ribble Valley
188,Evennett, Sir David  ,Conservative,Bexleyheath and Crayford
190,Fabricant, Michael  ,Conservative,Lichfield
191,Fallon, Sir Michael  ,Conservative,Sevenoaks
192,Farrelly, Paul  ,Labour,Newcastle-under-Lyme
193,Farron, Tim  ,Liberal Democrat,Westmorland and Lonsdale
194,Fellows, Marion  ,Scottish National Party,Motherwell and Wishaw
195,Field, Frank  ,Independent,Birkenhead
196,Field, Mark  ,Conservative,Cities of London and Westminster
197,Fitzpatrick, Jim  ,Labour,Poplar and Limehouse
198,Fletcher, Colleen  ,Labour,Coventry North East
199,Flint, Caroline  ,Labour,Don Valley
200,Flynn, Paul  ,Labour,Newport West
201,Ford, Vicky  ,Conservative,Chelmsford
202,Foster, Kevin  ,Conservative,Torbay
203,Fovargue, Yvonne  ,Labour,Makerfield
204,Fox, Dr Liam  ,Conservative,North Somerset
205,Foxcroft, Vicky  ,Labour,"Lewisham, Deptford"
206,Francois, Mr Mark  ,Conservative,Rayleigh and Wickford
207,Frazer, Lucy  ,Conservative,South East Cambridgeshire
208,Freeman, George  ,Conservative,Mid Norfolk
209,Freer, Mike  ,Conservative,Finchley and Golders Green
210,Frith, James  ,Labour,Bury North
211,Furniss, Gill  ,Labour,"Sheffield, Brightside and Hillsborough"
212,Fysh, Mr Marcus  ,Conservative,Yeovil
214,Gaffney, Hugh  ,Labour,"Coatbridge, Chryston and Bellshill"
215,Gale, Sir Roger  ,Conservative,North Thanet
216,Gapes, Mike  ,Labour,Ilford South
217,Gardiner, Barry  ,Labour,Brent North
218,Garnier, Mark  ,Conservative,Wyre Forest
219,Gauke, Mr David  ,Conservative,South West Hertfordshire
220,George, Ruth  ,Labour,High Peak
221,Gethins, Stephen  ,Scottish National Party,North East Fife
222,Ghani, Ms Nusrat  ,Conservative,Wealden
223,Gibb, Nick  ,Conservative,Bognor Regis and Littlehampton
224,Gibson, Patricia  ,Scottish National Party,North Ayrshire and Arran
225,Gildernew, Michelle  ,Sinn Féin,Fermanagh and South Tyrone
226,Gill, Preet Kaur  ,Labour,"Birmingham, Edgbaston"
227,Gillan, Dame Cheryl  ,Conservative,Chesham and Amersham
228,Girvan, Paul  ,Democratic Unionist Party,South Antrim
229,Glen, John  ,Conservative,Salisbury
230,Glindon, Mary  ,Labour,North Tyneside
231,Godsiff, Mr Roger  ,Labour,"Birmingham, Hall Green"
232,Goldsmith, Zac  ,Conservative,Richmond Park
233,Goodman, Helen  ,Labour,Bishop Auckland
234,Goodwill, Mr Robert  ,Conservative,Scarborough and Whitby
235,Gove, Michael  ,Conservative,Surrey Heath
236,Grady, Patrick  ,Scottish National Party,Glasgow North
237,Graham, Luke  ,Conservative,Ochil and South Perthshire
238,Graham, Richard  ,Conservative,Gloucester
239,Grant, Bill  ,Conservative,"Ayr, Carrick and Cumnock"
240,Grant, Mrs Helen  ,Conservative,Maidstone and The Weald
241,Grant, Peter  ,Scottish National Party,Glenrothes
242,Gray, James  ,Conservative,North Wiltshire
243,Gray, Neil  ,Scottish National Party,Airdrie and Shotts
244,Grayling, Chris  ,Conservative,Epsom and Ewell
245,Green, Chris  ,Conservative,Bolton West
246,Green, Damian  ,Conservative,Ashford
247,Green, Kate  ,Labour,Stretford and Urmston
248,Greening, Justine  ,Conservative,Putney
249,Greenwood, Lilian  ,Labour,Nottingham South
250,Greenwood, Margaret  ,Labour,Wirral West
251,Grieve, Mr Dominic  ,Conservative,Beaconsfield
252,Griffith, Nia  ,Labour,Llanelli
253,Griffiths, Andrew  ,Conservative,Burton
254,Grogan, John  ,Labour,Keighley
255,Gwynne, Andrew  ,Labour,Denton and Reddish
256,Gyimah, Mr Sam  ,Conservative,East Surrey
258,Haigh, Louise  ,Labour,"Sheffield, Heeley"
259,Hair, Kirstene  ,Conservative,Angus
260,Halfon, Robert  ,Conservative,Harlow
261,Hall, Luke  ,Conservative,Thornbury and Yate
262,Hamilton, Fabian  ,Labour,Leeds North East
263,Hammond, Mr Philip  ,Conservative,Runnymede and Weybridge
264,Hammond, Stephen  ,Conservative,Wimbledon
265,Hancock, Matt  ,Conservative,West Suffolk
266,Hands, Greg  ,Conservative,Chelsea and Fulham
267,Hanson, David  ,Labour,Delyn
268,Hardy, Emma  ,Labour,Kingston upon Hull West and Hessle
269,Harman, Ms Harriet  ,Labour,Camberwell and Peckham
270,Harper, Mr Mark  ,Conservative,Forest of Dean
271,Harrington, Richard  ,Conservative,Watford
272,Harris, Carolyn  ,Labour,Swansea East
273,Harris, Rebecca  ,Conservative,Castle Point
274,Harrison, Trudy  ,Conservative,Copeland
275,Hart, Simon  ,Conservative,Carmarthen West and South Pembrokeshire
276,Hayes, Helen  ,Labour,Dulwich and West Norwood
277,Hayes, Sir John  ,Conservative,South Holland and The Deepings
278,Hayman, Sue  ,Labour,Workington
279,Hazzard, Chris  ,Sinn Féin,South Down
280,Heald, Sir Oliver  ,Conservative,North East Hertfordshire
281,Healey, John  ,Labour,Wentworth and Dearne
282,Heappey, James  ,Conservative,Wells
283,Heaton-Harris, Chris  ,Conservative,Daventry
284,Heaton-Jones, Peter  ,Conservative,North Devon
285,Henderson, Gordon  ,Conservative,Sittingbourne and Sheppey
286,Hendrick, Sir Mark  ,Labour,Preston
287,Hendry, Drew  ,Scottish National Party,"Inverness, Nairn, Badenoch and Strathspey"
288,Hepburn, Mr Stephen  ,Labour,Jarrow
289,Herbert, Nick  ,Conservative,Arundel and South Downs
290,Hermon, Lady  ,Independent,North Down
291,Hill, Mike  ,Labour,Hartlepool
292,Hillier, Meg  ,Labour,Hackney South and Shoreditch
293,Hinds, Mr Damian  ,Conservative,East Hampshire
294,Hoare, Simon  ,Conservative,North Dorset
295,Hobhouse, Wera  ,Liberal Democrat,Bath
296,Hodge, Dame Margaret  ,Labour,Barking
297,Hodgson, Mrs Sharon  ,Labour,Washington and Sunderland West
298,Hoey, Kate  ,Labour,Vauxhall
299,Hollern, Kate  ,Labour,Blackburn
300,Hollingbery, George  ,Conservative,Meon Valley
301,Hollinrake, Kevin  ,Conservative,Thirsk and Malton
302,Hollobone, Mr Philip  ,Conservative,Kettering
303,Holloway, Adam  ,Conservative,Gravesham
304,Hopkins, Kelvin  ,Independent,Luton North
305,Hosie, Stewart  ,Scottish National Party,Dundee East
306,Howarth, Mr George  ,Labour,Knowsley
307,Howell, John  ,Conservative,Henley
308,Hoyle, Sir Lindsay  ,Labour,Chorley
309,Huddleston, Nigel  ,Conservative,Mid Worcestershire
310,Hughes, Eddie  ,Conservative,Walsall North
311,Hunt, Mr Jeremy  ,Conservative,South West Surrey
312,Huq, Dr Rupa  ,Labour,Ealing Central and Acton
313,Hurd, Mr Nick  ,Conservative,"Ruislip, Northwood and Pinner"
314,Hussain, Imran  ,Labour,Bradford East
316,Jack, Mr Alister  ,Conservative,Dumfries and Galloway
317,James, Margot  ,Conservative,Stourbridge
318,Jardine, Christine  ,Liberal Democrat,Edinburgh West
319,Jarvis, Dan  ,Labour,Barnsley Central
320,Javid, Sajid  ,Conservative,Bromsgrove
321,Jayawardena, Mr Ranil  ,Conservative,North East Hampshire
322,Jenkin, Sir Bernard  ,Conservative,Harwich and North Essex
323,Jenkyns, Andrea  ,Conservative,Morley and Outwood
324,Jenrick, Robert  ,Conservative,Newark
325,Johnson, Boris  ,Conservative,Uxbridge and South Ruislip
326,Johnson, Dr Caroline  ,Conservative,Sleaford and North Hykeham
327,Johnson, Diana  ,Labour,Kingston upon Hull North
328,Johnson, Gareth  ,Conservative,Dartford
329,Johnson, Joseph  ,Conservative,Orpington
330,Jones, Andrew  ,Conservative,Harrogate and Knaresborough
331,Jones, Darren  ,Labour,Bristol North West
332,Jones, Mr David  ,Conservative,Clwyd West
333,Jones, Gerald  ,Labour,Merthyr Tydfil and Rhymney
334,Jones, Graham P  ,Labour,Hyndburn
335,Jones, Helen  ,Labour,Warrington North
336,Jones, Mr Kevan  ,Labour,North Durham
337,Jones, Mr Marcus  ,Conservative,Nuneaton
338,Jones, Sarah  ,Labour,Croydon Central
339,Jones, Susan Elan  ,Labour,Clwyd South
341,Kane, Mike  ,Labour,Wythenshawe and Sale East
342,Kawczynski, Daniel  ,Conservative,Shrewsbury and Atcham
343,Keegan, Gillian  ,Conservative,Chichester
344,Keeley, Barbara  ,Labour,Worsley and Eccles South
345,Kendall, Liz  ,Labour,Leicester West
346,Kennedy, Seema  ,Conservative,South Ribble
347,Kerr, Stephen  ,Conservative,Stirling
348,Khan, Afzal  ,Labour,"Manchester, Gorton"
349,Killen, Ged  ,Labour,Rutherglen and Hamilton West
350,Kinnock, Stephen  ,Labour,Aberavon
351,Knight, Sir Greg  ,Conservative,East Yorkshire
352,Knight, Julian  ,Conservative,Solihull
353,Kwarteng, Kwasi  ,Conservative,Spelthorne
354,Kyle, Peter  ,Labour,Hove
356,Laing, Dame Eleanor  ,Conservative,Epping Forest
357,Laird, Lesley  ,Labour,Kirkcaldy and Cowdenbeath
358,Lake, Ben  ,Plaid Cymru,Ceredigion
359,Lamb, Norman  ,Liberal Democrat,North Norfolk
360,Lammy, Mr David  ,Labour,Tottenham
361,Lamont, John  ,Conservative,"Berwickshire, Roxburgh and Selkirk"
362,Lancaster, Mark  ,Conservative,Milton Keynes North
363,Latham, Mrs Pauline  ,Conservative,Mid Derbyshire
364,Lavery, Ian  ,Labour,Wansbeck
365,Law, Chris  ,Scottish National Party,Dundee West
366,Leadsom, Andrea  ,Conservative,South Northamptonshire
367,Lee, Karen  ,Labour,Lincoln
368,Lee, Dr Phillip  ,Conservative,Bracknell
369,Lefroy, Jeremy  ,Conservative,Stafford
370,Leigh, Sir Edward  ,Conservative,Gainsborough
371,Leslie, Mr Chris  ,Labour,Nottingham East
372,Letwin, Sir Oliver  ,Conservative,West Dorset
373,Lewell-Buck, Mrs Emma  ,Labour,South Shields
374,Lewer, Andrew  ,Conservative,Northampton South
375,Lewis, Brandon  ,Conservative,Great Yarmouth
376,Lewis, Clive  ,Labour,Norwich South
377,Lewis, Mr Ivan  ,Independent,Bury South
378,Lewis, Dr Julian  ,Conservative,New Forest East
379,Liddell-Grainger, Mr Ian  ,Conservative,Bridgwater and West Somerset
380,Lidington, Mr David  ,Conservative,Aylesbury
381,Linden, David  ,Scottish National Party,Glasgow East
382,Little Pengelly, Emma  ,Democratic Unionist Party,Belfast South
383,Lloyd, Stephen  ,Independent,Eastbourne
384,Lloyd, Tony  ,Labour,Rochdale
385,Long Bailey, Rebecca  ,Labour,Salford and Eccles
386,Lopez, Julia  ,Conservative,Hornchurch and Upminster
387,Lopresti, Jack  ,Conservative,Filton and Bradley Stoke
388,Lord, Mr Jonathan  ,Conservative,Woking
389,Loughton, Tim  ,Conservative,East Worthing and Shoreham
390,Lucas, Caroline  ,Green Party,"Brighton, Pavilion"
391,Lucas, Ian C.  ,Labour,Wrexham
392,Lynch, Holly  ,Labour,Halifax
394,McCabe, Steve  ,Labour,"Birmingham, Selly Oak"
395,McCallion, Elisha  ,Sinn Féin,Foyle
396,McCarthy, Kerry  ,Labour,Bristol East
397,McDonagh, Siobhain  ,Labour,Mitcham and Morden
398,McDonald, Andy  ,Labour,Middlesbrough
399,McDonald, Stewart Malcolm  ,Scottish National Party,Glasgow South
400,McDonald, Stuart C.  ,Scottish National Party,"Cumbernauld, Kilsyth and Kirkintilloch East"
401,McDonnell, John  ,Labour,Hayes and Harlington
402,McFadden, Mr Pat  ,Labour,Wolverhampton South East
403,McGinn, Conor  ,Labour,St Helens North
404,McGovern, Alison  ,Labour,Wirral South
405,McInnes, Liz  ,Labour,Heywood and Middleton
406,Mackinlay, Craig  ,Conservative,South Thanet
407,McKinnell, Catherine  ,Labour,Newcastle upon Tyne North
408,Maclean, Rachel  ,Conservative,Redditch
409,McLoughlin, Sir Patrick  ,Conservative,Derbyshire Dales
410,McMahon, Jim  ,Labour,Oldham West and Royton
411,McMorrin, Anna  ,Labour,Cardiff North
412,McNally, John  ,Scottish National Party,Falkirk
413,MacNeil, Angus Brendan  ,Scottish National Party,Na h-Eileanan an Iar
414,McPartland, Stephen  ,Conservative,Stevenage
415,McVey, Esther  ,Conservative,Tatton
416,Madders, Justin  ,Labour,Ellesmere Port and Neston
417,Mahmood, Mr Khalid  ,Labour,"Birmingham, Perry Barr"
418,Mahmood, Shabana  ,Labour,"Birmingham, Ladywood"
419,Main, Mrs Anne  ,Conservative,St Albans
420,Mak, Alan  ,Conservative,Havant
421,Malhotra, Seema  ,Labour,Feltham and Heston
422,Malthouse, Kit  ,Conservative,North West Hampshire
423,Mann, John  ,Labour,Bassetlaw
424,Mann, Scott  ,Conservative,North Cornwall
425,Marsden, Gordon  ,Labour,Blackpool South
426,Martin, Sandy  ,Labour,Ipswich
427,Maskell, Rachael  ,Labour,York Central
428,Maskey, Paul  ,Sinn Féin,Belfast West
429,Masterton, Paul  ,Conservative,East Renfrewshire
430,Matheson, Christian  ,Labour,City of Chester
431,May, Mrs Theresa  ,Conservative,Maidenhead
432,Maynard, Paul  ,Conservative,Blackpool North and Cleveleys
433,Mearns, Ian  ,Labour,Gateshead
434,Menzies, Mark  ,Conservative,Fylde
435,Mercer, Johnny  ,Conservative,"Plymouth, Moor View"
436,Merriman, Huw  ,Conservative,Bexhill and Battle
437,Metcalfe, Stephen  ,Conservative,South Basildon and East Thurrock
438,Miliband, Edward  ,Labour,Doncaster North
439,Miller, Mrs Maria  ,Conservative,Basingstoke
440,Milling, Amanda  ,Conservative,Cannock Chase
441,Mills, Nigel  ,Conservative,Amber Valley
442,Milton, Anne  ,Conservative,Guildford
443,Mitchell, Mr Andrew  ,Conservative,Sutton Coldfield
444,Molloy, Francie  ,Sinn Féin,Mid Ulster
445,Monaghan, Carol  ,Scottish National Party,Glasgow North West
446,Moon, Mrs Madeleine  ,Labour,Bridgend
447,Moore, Damien  ,Conservative,Southport
448,Moran, Layla  ,Liberal Democrat,Oxford West and Abingdon
449,Mordaunt, Penny  ,Conservative,Portsmouth North
450,Morden, Jessica  ,Labour,Newport East
451,Morgan, Nicky  ,Conservative,Loughborough
452,Morgan, Stephen  ,Labour,Portsmouth South
453,Morris, Anne Marie  ,Conservative,Newton Abbot
454,Morris, David  ,Conservative,Morecambe and Lunesdale
455,Morris, Grahame  ,Labour,Easington
456,Morris, James  ,Conservative,Halesowen and Rowley Regis
457,Morton, Wendy  ,Conservative,Aldridge-Brownhills
458,Mundell, David  ,Conservative,"Dumfriesshire, Clydesdale and Tweeddale"
459,Murray, Ian  ,Labour,Edinburgh South
460,Murray, Mrs Sheryll  ,Conservative,South East Cornwall
461,Murrison, Dr Andrew  ,Conservative,South West Wiltshire
463,Nandy, Lisa  ,Labour,Wigan
464,Neill, Robert  ,Conservative,Bromley and Chislehurst
465,Newlands, Gavin  ,Scottish National Party,Paisley and Renfrewshire North
466,Newton, Sarah  ,Conservative,Truro and Falmouth
467,Nokes, Caroline  ,Conservative,Romsey and Southampton North
468,Norman, Jesse  ,Conservative,Hereford and South Herefordshire
469,Norris, Alex  ,Labour,Nottingham North
471,O'Brien, Neil  ,Conservative,Harborough
472,Offord, Dr Matthew  ,Conservative,Hendon
473,O'Hara, Brendan  ,Scottish National Party,Argyll and Bute
474,O'Mara, Jared  ,Independent,"Sheffield, Hallam"
475,Onasanya, Fiona  ,Independent,Peterborough
476,Onn, Melanie  ,Labour,Great Grimsby
477,Onwurah, Chi  ,Labour,Newcastle upon Tyne Central
478,Opperman, Guy  ,Conservative,Hexham
479,Osamor, Kate  ,Labour,Edmonton
480,Owen, Albert  ,Labour,Ynys Môn
482,Paisley, Ian  ,Democratic Unionist Party,North Antrim
483,Parish, Neil  ,Conservative,Tiverton and Honiton
484,Patel, Priti  ,Conservative,Witham
485,Paterson, Mr Owen  ,Conservative,North Shropshire
486,Pawsey, Mark  ,Conservative,Rugby
487,Peacock, Stephanie  ,Labour,Barnsley East
488,Pearce, Teresa  ,Labour,Erith and Thamesmead
489,Penning, Sir Mike  ,Conservative,Hemel Hempstead
490,Pennycook, Matthew  ,Labour,Greenwich and Woolwich
491,Penrose, John  ,Conservative,Weston-super-Mare
492,Percy, Andrew  ,Conservative,Brigg and Goole
493,Perkins, Toby  ,Labour,Chesterfield
494,Perry, Claire  ,Conservative,Devizes
495,Phillips, Jess  ,Labour,"Birmingham, Yardley"
496,Phillipson, Bridget  ,Labour,Houghton and Sunderland South
497,Philp, Chris  ,Conservative,Croydon South
498,Pidcock, Laura  ,Labour,North West Durham
499,Pincher, Christopher  ,Conservative,Tamworth
500,Platt, Jo  ,Labour,Leigh
501,Pollard, Luke  ,Labour,"Plymouth, Sutton and Devonport"
502,Poulter, Dr Dan  ,Conservative,Central Suffolk and North Ipswich
503,Pound, Stephen  ,Labour,Ealing North
504,Pow, Rebecca  ,Conservative,Taunton Deane
505,Powell, Lucy  ,Labour,Manchester Central
506,Prentis, Victoria  ,Conservative,Banbury
507,Prisk, Mr Mark  ,Conservative,Hertford and Stortford
508,Pritchard, Mark  ,Conservative,The Wrekin
509,Pursglove, Tom  ,Conservative,Corby
511,Quin, Jeremy  ,Conservative,Horsham
512,Quince, Will  ,Conservative,Colchester
513,Qureshi, Yasmin  ,Labour,Bolton South East
515,Raab, Dominic  ,Conservative,Esher and Walton
516,Rashid, Faisal  ,Labour,Warrington South
517,Rayner, Angela  ,Labour,Ashton-under-Lyne
518,Redwood, John  ,Conservative,Wokingham
519,Reed, Mr Steve  ,Labour,Croydon North
520,Rees, Christina  ,Labour,Neath
521,Rees-Mogg, Mr Jacob  ,Conservative,North East Somerset
522,Reeves, Ellie  ,Labour,Lewisham West and Penge
523,Reeves, Rachel  ,Labour,Leeds West
524,Reynolds, Emma  ,Labour,Wolverhampton North East
525,Reynolds, Jonathan  ,Labour,Stalybridge and Hyde
526,Rimmer, Ms Marie  ,Labour,St Helens South and Whiston
527,Robertson, Mr Laurence  ,Conservative,Tewkesbury
528,Robinson, Gavin  ,Democratic Unionist Party,Belfast East
529,Robinson, Mr Geoffrey  ,Labour,Coventry North West
530,Robinson, Mary  ,Conservative,Cheadle
531,Rodda, Matt  ,Labour,Reading East
532,Rosindell, Andrew  ,Conservative,Romford
533,Ross, Douglas  ,Conservative,Moray
534,Rowley, Danielle  ,Labour,Midlothian
535,Rowley, Lee  ,Conservative,North East Derbyshire
536,Ruane, Chris  ,Labour,Vale of Clwyd
537,Rudd, Amber  ,Conservative,Hastings and Rye
538,Russell-Moyle, Lloyd  ,Labour,"Brighton, Kemptown"
539,Rutley, David  ,Conservative,Macclesfield
540,Ryan, Joan  ,Labour,Enfield North
542,Sandbach, Antoinette  ,Conservative,Eddisbury
543,Saville Roberts, Liz  ,Plaid Cymru,Dwyfor Meirionnydd
544,Scully, Paul  ,Conservative,Sutton and Cheam
545,Seely, Mr Bob  ,Conservative,Isle of Wight
546,Selous, Andrew  ,Conservative,South West Bedfordshire
547,Shah, Naz  ,Labour,Bradford West
548,Shannon, Jim  ,Democratic Unionist Party,Strangford
549,Shapps, Grant  ,Conservative,Welwyn Hatfield
550,Sharma, Alok  ,Conservative,Reading West
551,Sharma, Mr Virendra  ,Labour,"Ealing, Southall"
552,Sheerman, Mr Barry  ,Labour,Huddersfield
553,Shelbrooke, Alec  ,Conservative,Elmet and Rothwell
554,Sheppard, Tommy  ,Scottish National Party,Edinburgh East
555,Sherriff, Paula  ,Labour,Dewsbury
556,Shuker, Mr Gavin  ,Labour,Luton South
557,Siddiq, Tulip  ,Labour,Hampstead and Kilburn
558,Simpson, David  ,Democratic Unionist Party,Upper Bann
559,Simpson, Mr Keith  ,Conservative,Broadland
560,Skidmore, Chris  ,Conservative,Kingswood
561,Skinner, Mr Dennis  ,Labour,Bolsover
562,Slaughter, Andy  ,Labour,Hammersmith
563,Smeeth, Ruth  ,Labour,Stoke-on-Trent North
564,Smith, Angela  ,Labour,Penistone and Stocksbridge
565,Smith, Cat  ,Labour,Lancaster and Fleetwood
566,Smith, Chloe  ,Conservative,Norwich North
567,Smith, Eleanor  ,Labour,Wolverhampton South West
568,Smith, Henry  ,Conservative,Crawley
569,Smith, Jeff  ,Labour,"Manchester, Withington"
570,Smith, Julian  ,Conservative,Skipton and Ripon
571,Smith, Laura  ,Labour,Crewe and Nantwich
572,Smith, Nick  ,Labour,Blaenau Gwent
573,Smith, Owen  ,Labour,Pontypridd
574,Smith, Royston  ,Conservative,"Southampton, Itchen"
575,Smyth, Karin  ,Labour,Bristol South
576,Snell, Gareth  ,Labour,Stoke-on-Trent Central
577,Soames, Sir Nicholas  ,Conservative,Mid Sussex
578,Sobel, Alex  ,Labour,Leeds North West
579,Soubry, Anna  ,Conservative,Broxtowe
580,Spellar, John  ,Labour,Warley
581,Spelman, Dame Caroline  ,Conservative,Meriden
582,Spencer, Mark  ,Conservative,Sherwood
583,Starmer, Keir  ,Labour,Holborn and St Pancras
584,Stephens, Chris  ,Scottish National Party,Glasgow South West
585,Stephenson, Andrew  ,Conservative,Pendle
586,Stevens, Jo  ,Labour,Cardiff Central
587,Stevenson, John  ,Conservative,Carlisle
588,Stewart, Bob  ,Conservative,Beckenham
589,Stewart, Iain  ,Conservative,Milton Keynes South
590,Stewart, Rory  ,Conservative,Penrith and The Border
591,Stone, Jamie  ,Liberal Democrat,"Caithness, Sutherland and Easter Ross"
592,Streeter, Sir Gary  ,Conservative,South West Devon
593,Streeting, Wes  ,Labour,Ilford North
594,Stride, Mel  ,Conservative,Central Devon
595,Stringer, Graham  ,Labour,Blackley and Broughton
596,Stuart, Graham  ,Conservative,Beverley and Holderness
597,Sturdy, Julian  ,Conservative,York Outer
598,Sunak, Rishi  ,Conservative,Richmond (Yorks)
599,Swayne, Sir Desmond  ,Conservative,New Forest West
600,Sweeney, Mr Paul  ,Labour,Glasgow North East
601,Swinson, Jo  ,Liberal Democrat,East Dunbartonshire
602,Swire, Sir Hugo  ,Conservative,East Devon
603,Syms, Sir Robert  ,Conservative,Poole
605,Tami, Mark  ,Labour,Alyn and Deeside
606,Thewliss, Alison  ,Scottish National Party,Glasgow Central
607,Thomas, Derek  ,Conservative,St Ives
608,Thomas, Gareth  ,Labour,Harrow West
609,Thomas-Symonds, Nick  ,Labour,Torfaen
610,Thomson, Ross  ,Conservative,Aberdeen South
611,Thornberry, Emily  ,Labour,Islington South and Finsbury
612,Throup, Maggie  ,Conservative,Erewash
613,Timms, Stephen  ,Labour,East Ham
614,Tolhurst, Kelly  ,Conservative,Rochester and Strood
615,Tomlinson, Justin  ,Conservative,North Swindon
616,Tomlinson, Michael  ,Conservative,Mid Dorset and North Poole
617,Tracey, Craig  ,Conservative,North Warwickshire
618,Tredinnick, David  ,Conservative,Bosworth
619,Trevelyan, Anne-Marie  ,Conservative,Berwick-upon-Tweed
620,Trickett, Jon  ,Labour,Hemsworth
621,Truss, Elizabeth  ,Conservative,South West Norfolk
622,Tugendhat, Tom  ,Conservative,Tonbridge and Malling
623,Turley, Anna  ,Labour,Redcar
624,Turner, Karl  ,Labour,Kingston upon Hull East
625,Twigg, Derek  ,Labour,Halton
626,Twigg, Stephen  ,Labour,"Liverpool, West Derby"
627,Twist, Liz  ,Labour,Blaydon
629,Umunna, Chuka  ,Labour,Streatham
631,Vaizey, Mr Edward  ,Conservative,Wantage
632,Vara, Mr Shailesh  ,Conservative,North West Cambridgeshire
633,Vaz, Keith  ,Labour,Leicester East
634,Vaz, Valerie  ,Labour,Walsall South
635,Vickers, Martin  ,Conservative,Cleethorpes
636,Villiers, Theresa  ,Conservative,Chipping Barnet
638,Walker, Mr Charles  ,Conservative,Broxbourne
639,Walker, Mr Robin  ,Conservative,Worcester
640,Walker, Thelma  ,Labour,Colne Valley
641,Wallace, Mr Ben  ,Conservative,Wyre and Preston North
642,Warburton, David  ,Conservative,Somerton and Frome
643,Warman, Matt  ,Conservative,Boston and Skegness
644,Watling, Giles  ,Conservative,Clacton
645,Watson, Tom  ,Labour,West Bromwich East
646,West, Catherine  ,Labour,Hornsey and Wood Green
647,Western, Matt  ,Labour,Warwick and Leamington
648,Whately, Helen  ,Conservative,Faversham and Mid Kent
649,Wheeler, Mrs Heather  ,Conservative,South Derbyshire
650,Whitehead, Dr Alan  ,Labour,"Southampton, Test"
651,Whitfield, Martin  ,Labour,East Lothian
652,Whitford, Dr Philippa  ,Scottish National Party,Central Ayrshire
653,Whittaker, Craig  ,Conservative,Calder Valley
654,Whittingdale, Mr John  ,Conservative,Maldon
655,Wiggin, Bill  ,Conservative,North Herefordshire
656,Williams, Hywel  ,Plaid Cymru,Arfon
657,Williams, Dr Paul  ,Labour,Stockton South
658,Williamson, Chris  ,Labour,Derby North
659,Williamson, Gavin  ,Conservative,South Staffordshire
660,Wilson, Phil  ,Labour,Sedgefield
661,Wilson, Sammy  ,Democratic Unionist Party,East Antrim
662,Winterton, Dame Rosie  ,Labour,Doncaster Central
663,Wishart, Pete  ,Scottish National Party,Perth and North Perthshire
664,Wollaston, Dr Sarah  ,Conservative,Totnes
665,Wood, Mike  ,Conservative,Dudley South
666,Woodcock, John  ,Independent,Barrow and Furness
667,Wragg, Mr William  ,Conservative,Hazel Grove
668,Wright, Jeremy  ,Conservative,Kenilworth and Southam
670,Yasin, Mohammad  ,Labour,Bedford
672,Zahawi, Nadhim  ,Conservative,Stratford-on-Avon
673,Zeichner, Daniel  ,Labour,Cambridge
